"machine_type","avg","max","min"
"Lithography","0.99992639216183571574","0.99999167002291483352","0.99985313107361213513"
"Test_Packaging","0.45891342517164831281","0.85263989476354186993","0.07396031663716924329"
"Deposition","0.36009598978309816109","0.90847552596718074173","0.00324505387552048243"
"Etch","0.234390122503086562992141","0.80419250347057424319","0.000084003322524902502400"
"Assembly","0.153632003678224344341293","0.68015308891990500467","0.000066809808528398065863"
