"product_family","on_time_delivery_rate"
"Analog","0.18946279047887853984"
"Logic","0.24951182057747360039"
"Memory","0.28309998478161619236"
