"product_family","total_units_produced","total_units_planned","effective_yield_rate"
"Analog","28367929","55678192","0.50949802752215804709"
"Logic","30001787","55328849","0.54224491458334873368"
"Memory","21954232","27593945","0.79561773425293121371"
