"machine_type","avg","max","min"
"Lithography","0.99987259314266397550","0.99997891474343692436","0.99978970734792221824"
"Test_Packaging","0.45112949766242137959","0.87442454444364233966","0.01979754574197937204"
"Deposition","0.38018110341515196171","0.91787433463025939061","0.00020059277643912052"
"Etch","0.33606626700828519570","0.81598438825457513638","0.00122111487657658911"
"Assembly","0.22348944186337918991","0.76899309077649164430","0.00017389179059221334"
