"product_family","on_time_delivery_rate"
"Memory","0.48882217680122636689"
"Logic","0.48983733392523068142"
"Analog","0.49188589540412044374"
