"product_family","total_units_produced","total_units_planned","effective_yield_rate"
"Logic","17977039","32999146","0.54477285563693072542"
"Memory","10231855","16439698","0.62238704141645424387"
"Analog","24076245","33255910","0.72396891259328041241"
