"machine_type","avg","max","min"
"Lithography","0.99983984341559612934","0.99995293565190610787","0.99971201321211453696"
"Test_Packaging","0.45130401270707671419","0.86217508925176873274","0.02775520246337422812"
"Deposition","0.35003552833126536457","0.91509655567060399772","0.00036003112234119205"
"Etch","0.29117564430606001476","0.81001110372302029561","0.00039340549635746824"
"Assembly","0.170985013691795752927432","0.75134983490433957953","0.000032168698445474246746"
