"product_family","total_units_produced","total_units_planned","effective_yield_rate"
"Logic","17058944","33004288","0.51687053512561761672"
"Memory","12275920","16446956","0.74639465199517770948"
"Analog","26182946","33259379","0.78723496310619630030"
