"product_family","on_time_delivery_rate"
"Memory","0.48828449211517589223"
"Logic","0.48915731405744721324"
"Analog","0.49126865908154533642"
